timestamp_start,timestamp_end,power,download_mbps,upload_mbps,average_speed,temp
2024-01-11 10:06:41,2024-01-11 10:06:42,91,213.23,16.845,0,-4.95
2024-01-11 10:06:42,2024-01-11 10:06:43,91,221.393,16.044,0,-4.95
2024-01-11 10:06:43,2024-01-11 10:06:44,91,226.215,14.237,0,-4.95
2024-01-11 10:08:00,2024-01-11 10:08:01,144,63.719,3.382,0,-4.95
2024-01-11 10:08:01,2024-01-11 10:08:02,144,39.015,4.31,0,-4.95
2024-01-11 10:08:02,2024-01-11 10:08:03,144,25.079,3.498,0,-4.95
2024-01-11 10:10:08,2024-01-11 10:10:09,122,179.436,11.596,0,-4.85
2024-01-11 10:10:09,2024-01-11 10:10:10,122,138.765,11.005,0,-4.85
2024-01-11 10:10:10,2024-01-11 10:10:11,122,153.308,11.258,0,-4.85
2024-01-11 10:12:11,2024-01-11 10:12:12,122,84.917,4.831,0,-4.85
2024-01-11 10:12:12,2024-01-11 10:12:13,122,145.147,9.256,0,-4.85
2024-01-11 10:12:13,2024-01-11 10:12:14,122,151.117,11.015,0,-4.85
2024-01-11 10:13:04,2024-01-11 10:13:05,121,59.835,10.055,0,-4.85
2024-01-11 10:13:05,2024-01-11 10:13:06,121,61.959,10.009,0,-4.85
2024-01-11 10:13:06,2024-01-11 10:13:07,121,62.473,9.209,0,-4.85
2024-01-11 10:14:25,2024-01-11 10:14:26,126,207.067,4.773,0,-4.85
2024-01-11 10:14:26,2024-01-11 10:14:27,126,31.173,6.417,0,-4.85
2024-01-11 10:14:27,2024-01-11 10:14:28,126,58.21,6.87,0,-4.85
2024-01-11 10:15:24,2024-01-11 10:15:25,106,183.179,24.976,0,-4.85
2024-01-11 10:15:25,2024-01-11 10:15:26,106,187.993,27.202,0,-4.85
2024-01-11 10:15:26,2024-01-11 10:15:27,106,242.32,22.009,0,-4.85
2024-01-11 10:16:17,2024-01-11 10:16:18,99,155.836,12.013,0,-4.85
2024-01-11 10:16:18,2024-01-11 10:16:19,99,151.662,12.013,0,-4.85
2024-01-11 10:16:19,2024-01-11 10:16:20,99,141.186,12.186,0,-4.85
2024-01-11 10:17:12,2024-01-11 10:17:13,112,304.535,11.745,0,-4.85
2024-01-11 10:17:13,2024-01-11 10:17:14,112,316.961,14.327,0,-4.85
2024-01-11 10:17:14,2024-01-11 10:17:15,112,314.9,14.412,0,-4.85
2024-01-11 10:17:23,2024-01-11 10:17:24,152,181.809,13.75,0,-4.85
2024-01-11 10:17:24,2024-01-11 10:17:25,152,220.887,14.781,0,-4.85
2024-01-11 10:17:25,2024-01-11 10:17:26,152,275.815,15.474,0,-4.85
2024-01-11 10:18:11,2024-01-11 10:18:12,115,96.038,16.171,0,-4.85
2024-01-11 10:18:12,2024-01-11 10:18:13,115,108.062,21.13,0,-4.85
2024-01-11 10:18:13,2024-01-11 10:18:14,115,97.949,23.168,0,-4.85
2024-01-11 10:19:06,2024-01-11 10:19:07,121,238.019,12.024,0,-4.85
2024-01-11 10:19:07,2024-01-11 10:19:08,121,282.572,13.645,0,-4.85
2024-01-11 10:19:08,2024-01-11 10:19:09,121,282.719,13.913,0,-4.85
2024-01-11 10:19:17,2024-01-11 10:19:18,121,60.515,5.769,0,-4.85
2024-01-11 10:20:28,2024-01-11 10:20:29,120,134.381,13.426,0,-4.8
2024-01-11 10:20:29,2024-01-11 10:20:30,120,137.845,14.051,0,-4.8
2024-01-11 10:20:30,2024-01-11 10:20:31,120,178.197,14.167,0,-4.8
2024-01-11 10:21:20,2024-01-11 10:21:21,143,107.667,7.703,0,-4.8
2024-01-11 10:21:21,2024-01-11 10:21:22,143,129.178,7.622,0,-4.8
2024-01-11 10:21:22,2024-01-11 10:21:23,143,160.594,8.584,0,-4.8
2024-01-11 10:22:16,2024-01-11 10:22:17,116,169.483,11.734,0,-4.8
2024-01-11 10:22:17,2024-01-11 10:22:18,116,159.609,13.148,0,-4.8
2024-01-11 10:22:18,2024-01-11 10:22:19,116,183.293,11.26,0,-4.8
2024-01-11 10:26:42,2024-01-11 10:26:43,134,222.332,13.843,0,-4.8
2024-01-11 10:26:43,2024-01-11 10:26:44,134,191.473,14.781,0,-4.8
2024-01-11 10:26:44,2024-01-11 10:26:45,134,248.18,14.272,0,-4.8
2024-01-11 10:28:30,2024-01-11 10:28:31,120,288.15,9.938,0,-4.8
2024-01-11 10:28:31,2024-01-11 10:28:32,120,304.623,11.179,0,-4.8
2024-01-11 10:28:32,2024-01-11 10:28:33,120,325.762,10.912,0,-4.8
2024-01-11 10:28:42,2024-01-11 10:28:43,120,317.686,9.743,0,-4.8
2024-01-11 10:28:43,2024-01-11 10:28:44,120,295.195,10.379,0,-4.8
2024-01-11 10:28:44,2024-01-11 10:28:45,120,279.992,10.9,0,-4.8
2024-01-11 10:29:31,2024-01-11 10:29:32,118,292.287,12.835,0,-4.8
2024-01-11 10:29:32,2024-01-11 10:29:33,118,276.494,12.372,0,-4.8
2024-01-11 10:29:33,2024-01-11 10:29:34,118,287.322,12.904,0,-4.8
2024-01-11 10:31:18,2024-01-11 10:31:19,84,255.334,20.594,0,-4.75
2024-01-11 10:31:19,2024-01-11 10:31:20,84,323.678,22.681,0,-4.75
2024-01-11 10:31:20,2024-01-11 10:31:21,84,317.056,23.435,0,-4.75
2024-01-11 10:31:30,2024-01-11 10:31:31,147,364.085,23.411,0,-4.75
2024-01-11 10:31:31,2024-01-11 10:31:32,147,366.415,23.69,0,-4.75
2024-01-11 10:31:32,2024-01-11 10:31:33,147,329.557,22.321,0,-4.75
2024-01-11 10:32:36,2024-01-11 10:32:37,120,330.539,8.594,0,-4.75
2024-01-11 10:32:37,2024-01-11 10:32:38,120,366.828,16.427,0,-4.75
2024-01-11 10:32:45,2024-01-11 10:32:46,120,392.015,17.817,0,-4.75
2024-01-11 10:32:46,2024-01-11 10:32:47,120,326.382,19.438,0,-4.75
2024-01-11 10:32:47,2024-01-11 10:32:48,120,339.933,20.724,0,-4.75
2024-01-11 10:33:34,2024-01-11 10:33:35,117,294.813,18.118,0,-4.75
2024-01-11 10:33:35,2024-01-11 10:33:36,117,144.197,17.874,0,-4.75
2024-01-11 10:33:36,2024-01-11 10:33:37,117,49.046,18.001,0,-4.75
2024-01-11 10:34:28,2024-01-11 10:34:29,104,255.913,7.262,0,-4.75
2024-01-11 10:34:29,2024-01-11 10:34:30,104,290.931,14.492,0,-4.75
2024-01-11 10:34:41,2024-01-11 10:34:42,104,222.609,12.416,0,-4.75
2024-01-11 10:34:42,2024-01-11 10:34:43,104,286.718,16.185,0,-4.75
2024-01-11 10:35:29,2024-01-11 10:35:30,116,136.574,12.153,0,-4.75
2024-01-11 10:35:30,2024-01-11 10:35:31,116,151.028,14.805,0,-4.75
2024-01-11 10:35:31,2024-01-11 10:35:32,116,180.351,16.668,0,-4.75
2024-01-11 10:36:23,2024-01-11 10:36:24,155,256.86,10.935,0,-4.75
2024-01-11 10:36:24,2024-01-11 10:36:25,155,250.53,10.611,0,-4.75
2024-01-11 10:36:25,2024-01-11 10:36:26,155,236.095,10.97,0,-4.75
2024-01-11 10:37:16,2024-01-11 10:37:17,115,200.805,16.011,0,-4.75
2024-01-11 10:37:17,2024-01-11 10:37:18,115,211.933,17.978,0,-4.75
2024-01-11 10:37:18,2024-01-11 10:37:19,115,211.674,18.755,0,-4.75
2024-01-11 10:39:32,2024-01-11 10:39:33,116,301.489,3.614,0,-4.75
2024-01-11 10:39:33,2024-01-11 10:39:34,116,338.367,12.858,0,-4.75
2024-01-11 10:39:34,2024-01-11 10:39:35,116,305.047,12.962,0,-4.75
2024-01-11 10:39:45,2024-01-11 10:39:46,116,154.856,12.269,0,-4.75
2024-01-11 10:39:46,2024-01-11 10:39:47,116,254.256,12.233,0,-4.75
2024-01-11 10:40:33,2024-01-11 10:40:34,122,275.473,11.677,0,-4.6
2024-01-11 10:40:34,2024-01-11 10:40:35,122,280.06,11.804,0,-4.6
2024-01-11 10:40:35,2024-01-11 10:40:36,122,251.983,12.024,0,-4.6
2024-01-11 10:41:30,2024-01-11 10:41:31,126,293.527,9.661,0,-4.6
2024-01-11 10:41:31,2024-01-11 10:41:32,126,283.03,10.322,0,-4.6
2024-01-11 10:41:32,2024-01-11 10:41:33,126,249.116,10.483,0,-4.6
2024-01-11 10:42:21,2024-01-11 10:42:22,104,250.548,9.509,30.4925646942709,-4.6
2024-01-11 10:42:30,2024-01-11 10:42:31,146,395.951,21.742,30.4925646942709,-4.6
2024-01-11 10:42:31,2024-01-11 10:42:32,146,395.349,22.194,30.4925646942709,-4.6
2024-01-11 10:42:32,2024-01-11 10:42:33,146,325.206,21.688,30.4925646942709,-4.6
2024-01-11 10:43:24,2024-01-11 10:43:25,153,292.915,25.371,19.8943702925285,-4.6
2024-01-11 10:43:25,2024-01-11 10:43:26,153,366.224,27.917,19.8943702925285,-4.6
2024-01-11 10:43:26,2024-01-11 10:43:27,153,222.449,15.292,19.8943702925285,-4.6
2024-01-11 10:44:39,2024-01-11 10:44:40,168,270.877,11.41,6.26427689604187,-4.6
2024-01-11 10:44:40,2024-01-11 10:44:41,168,233.277,11.375,6.26427689604187,-4.6
2024-01-11 10:44:41,2024-01-11 10:44:42,168,119.621,9.349,6.26427689604187,-4.6
2024-01-11 10:45:35,2024-01-11 10:45:36,186,67.648,7.878,41.9075369694737,-4.6
2024-01-11 10:45:36,2024-01-11 10:45:37,186,272.942,10.124,41.9075369694737,-4.6
2024-01-11 10:45:37,2024-01-11 10:45:38,186,294.02,14.341,41.9075369694737,-4.6
2024-01-11 10:45:46,2024-01-11 10:45:47,186,196.527,14.677,31.8275399018779,-4.6
2024-01-11 10:46:30,2024-01-11 10:46:31,185,270.315,9.846,27.4544622389169,-4.6
2024-01-11 10:46:31,2024-01-11 10:46:32,185,277.151,10.204,27.4544622389169,-4.6
2024-01-11 10:46:32,2024-01-11 10:46:33,185,245.503,9.952,27.4544622389169,-4.6
2024-01-11 10:47:24,2024-01-11 10:47:25,137,271.214,8.305,14.6185423191712,-4.6
2024-01-11 10:47:25,2024-01-11 10:47:26,137,271.749,16.611,14.6185423191712,-4.6
2024-01-11 10:47:26,2024-01-11 10:47:27,137,142.008,11.92,14.6185423191712,-4.6
2024-01-11 10:48:27,2024-01-11 10:48:28,178,200.542,8.804,24.4726794466387,-4.6
2024-01-11 10:48:28,2024-01-11 10:48:29,178,181.25,8.815,24.4726794466387,-4.6
2024-01-11 10:48:29,2024-01-11 10:48:30,178,289.578,8.375,24.4726794466387,-4.6
2024-01-11 10:50:41,2024-01-11 10:50:42,183,331.062,23.064,32.8903405183524,-4.35
2024-01-11 10:50:42,2024-01-11 10:50:43,183,333.098,22.832,32.8903405183524,-4.35
2024-01-11 10:50:43,2024-01-11 10:50:44,183,329.167,22.844,32.8903405183524,-4.35
2024-01-11 10:51:47,2024-01-11 10:51:48,173,380.687,18.442,9.91197869677162,-4.35
2024-01-11 10:51:48,2024-01-11 10:51:49,173,385.956,17.862,9.91197869677162,-4.35
2024-01-11 10:51:49,2024-01-11 10:51:50,173,390.881,18.524,9.91197869677162,-4.35
2024-01-11 10:53:37,2024-01-11 10:53:38,163,219.15,9.87,27.8727466110053,-4.35
2024-01-11 10:53:38,2024-01-11 10:53:39,163,231.781,9.927,27.8727466110053,-4.35
2024-01-11 10:53:39,2024-01-11 10:53:40,163,234.31,9.986,27.8727466110053,-4.35
2024-01-11 10:54:28,2024-01-11 10:54:29,89,263.267,8.722,3.80434885851262,-4.35
2024-01-11 10:54:37,2024-01-11 10:54:38,165,217.297,10.785,3.80434885851262,-4.35
2024-01-11 10:54:38,2024-01-11 10:54:39,165,221.665,10.321,3.80434885851262,-4.35
2024-01-11 10:54:39,2024-01-11 10:54:40,165,182.737,10.263,3.80434885851262,-4.35
2024-01-11 10:56:56,2024-01-11 10:56:57,147,199.256,17.699,0,-4.35
2024-01-11 10:56:57,2024-01-11 10:56:58,147,351.922,18.951,0,-4.35
2024-01-11 10:56:58,2024-01-11 10:56:59,147,361.307,20.156,0,-4.35
2024-01-11 10:57:07,2024-01-11 10:57:08,152,290.72,18.535,0,-4.35
2024-01-11 10:57:08,2024-01-11 10:57:09,152,274.766,18.059,0,-4.35
2024-01-11 10:57:09,2024-01-11 10:57:10,152,278.712,17.654,0,-4.35
2024-01-11 10:57:55,2024-01-11 10:57:56,123,269.092,31.635,0,-4.35
2024-01-11 10:57:56,2024-01-11 10:57:57,123,148.651,23.145,0,-4.35
2024-01-11 10:57:57,2024-01-11 10:57:58,123,194.264,20.097,0,-4.35
2024-01-11 10:58:49,2024-01-11 10:58:50,138,243.472,8.503,0,-4.35
2024-01-11 10:58:50,2024-01-11 10:58:51,138,284.376,8.897,0,-4.35
2024-01-11 10:58:51,2024-01-11 10:58:52,138,262.711,7.842,0,-4.35
2024-01-11 10:59:51,2024-01-11 10:59:52,132,162.485,12.789,0,-4.35
2024-01-11 10:59:52,2024-01-11 10:59:53,132,146.419,12.488,0,-4.35
2024-01-11 10:59:53,2024-01-11 10:59:54,132,178.823,11.143,0,-4.35
2024-01-11 11:00:44,2024-01-11 11:00:45,130,302.905,13.295,0,-4.15
2024-01-11 11:00:45,2024-01-11 11:00:46,130,305.537,13.382,0,-4.15
2024-01-11 11:00:46,2024-01-11 11:00:47,130,298.06,13.344,0,-4.15
2024-01-11 11:01:37,2024-01-11 11:01:38,119,259.76,11.375,0,-4.15
2024-01-11 11:01:38,2024-01-11 11:01:39,119,276.718,11.445,0,-4.15
2024-01-11 11:01:39,2024-01-11 11:01:40,119,269.27,11.306,0,-4.15
2024-01-11 11:02:58,2024-01-11 11:02:59,140,300.3,12.383,0,-4.15
2024-01-11 11:02:59,2024-01-11 11:03:00,140,277.985,12.105,0,-4.15
2024-01-11 11:03:00,2024-01-11 11:03:01,140,280.322,13.194,0,-4.15
2024-01-11 11:03:48,2024-01-11 11:03:49,122,273.751,35.13,0,-4.15
2024-01-11 11:03:49,2024-01-11 11:03:50,122,372.843,32.6,0,-4.15
2024-01-11 11:04:48,2024-01-11 11:04:49,120,212.89,6.419,0,-4.15
2024-01-11 11:04:49,2024-01-11 11:04:50,120,200.067,6.047,0,-4.15
2024-01-11 11:04:50,2024-01-11 11:04:51,120,228.495,6.591,0,-4.15
2024-01-11 11:05:43,2024-01-11 11:05:44,136,217.04,5.56,0,-4.15
2024-01-11 11:05:44,2024-01-11 11:05:45,136,240.457,5.525,0,-4.15
2024-01-11 11:05:45,2024-01-11 11:05:46,136,219.737,5.549,0,-4.15
2024-01-11 11:06:55,2024-01-11 11:06:56,119,375.939,11.885,0,-4.15
2024-01-11 11:06:56,2024-01-11 11:06:57,119,270.456,10.565,0,-4.15
2024-01-11 11:06:57,2024-01-11 11:06:58,119,251.269,17.052,0,-4.15
2024-01-11 11:07:45,2024-01-11 11:07:46,113,283.847,10.656,0,-4.15
2024-01-11 11:07:46,2024-01-11 11:07:47,113,326.262,10.889,0,-4.15
2024-01-11 11:07:55,2024-01-11 11:07:56,113,248.284,9.858,0,-4.15
2024-01-11 11:07:56,2024-01-11 11:07:57,113,320.486,11.434,0,-4.15
2024-01-11 11:07:57,2024-01-11 11:07:58,113,285.627,13.02,0,-4.15
2024-01-11 11:10:09,2024-01-11 11:10:10,108,196.242,10.368,0,-3.95
2024-01-11 11:10:10,2024-01-11 11:10:11,108,192.476,10.205,0,-3.95
2024-01-11 11:10:11,2024-01-11 11:10:12,108,170.195,8.734,0,-3.95
2024-01-11 11:11:10,2024-01-11 11:11:11,114,96.055,12.661,0,-3.95
2024-01-11 11:11:11,2024-01-11 11:11:12,114,94.143,11.885,0,-3.95
2024-01-11 11:11:12,2024-01-11 11:11:13,114,190.684,16.449,0,-3.95
2024-01-11 11:12:03,2024-01-11 11:12:04,117,41.32,8.815,0,-3.95
2024-01-11 11:12:04,2024-01-11 11:12:05,117,49.604,9.071,0,-3.95
2024-01-11 11:12:05,2024-01-11 11:12:06,117,55.229,8.004,0,-3.95
2024-01-11 11:13:02,2024-01-11 11:13:03,109,341.434,20.11,0,-3.95
2024-01-11 11:13:03,2024-01-11 11:13:04,109,324.427,20.144,0,-3.95
2024-01-11 11:13:04,2024-01-11 11:13:05,109,345.498,20.075,0,-3.95
2024-01-11 11:13:56,2024-01-11 11:13:57,89,206.539,12.175,0,-3.95
2024-01-11 11:13:57,2024-01-11 11:13:58,89,284.34,15.904,0,-3.95
2024-01-11 11:13:58,2024-01-11 11:13:59,89,236.388,13.426,0,-3.95
2024-01-11 11:15:15,2024-01-11 11:15:16,103,353.852,33.373,0,-3.95
2024-01-11 11:15:16,2024-01-11 11:15:17,103,318.669,33.154,0,-3.95
2024-01-11 11:15:17,2024-01-11 11:15:18,103,323.225,32.875,0,-3.95
2024-01-11 11:16:09,2024-01-11 11:16:10,118,401.398,22.79,0,-3.95
2024-01-11 11:16:10,2024-01-11 11:16:11,118,370.584,22.111,0,-3.95
2024-01-11 11:16:11,2024-01-11 11:16:12,118,406.216,17.924,0,-3.95
2024-01-11 11:17:03,2024-01-11 11:17:04,109,357.591,37.672,0,-3.95
2024-01-11 11:17:04,2024-01-11 11:17:05,109,357.182,37.765,0,-3.95
2024-01-11 11:17:05,2024-01-11 11:17:06,109,358.169,37.254,0,-3.95
2024-01-11 11:17:15,2024-01-11 11:17:16,109,368.334,19.797,0,-3.95
2024-01-11 11:17:58,2024-01-11 11:17:59,108,250.02,15.951,0,-3.95
2024-01-11 11:17:59,2024-01-11 11:18:00,108,271.881,17.515,0,-3.95
2024-01-11 11:18:00,2024-01-11 11:18:01,108,260.095,18.059,0,-3.95
2024-01-11 11:18:54,2024-01-11 11:18:55,106,387.302,20.35,0,-3.95
2024-01-11 11:18:55,2024-01-11 11:18:56,106,395.72,20.144,0,-3.95
2024-01-11 11:18:56,2024-01-11 11:18:57,106,320.495,17.376,0,-3.95
2024-01-11 11:19:53,2024-01-11 11:19:54,103,302.423,15.824,0,-3.95
2024-01-11 11:19:54,2024-01-11 11:19:55,103,299.122,16.472,0,-3.95
2024-01-11 11:19:55,2024-01-11 11:19:56,103,235.992,14.805,0,-3.95
2024-01-11 11:21:15,2024-01-11 11:21:16,108,399.402,30.49,0,-3.7
2024-01-11 11:21:16,2024-01-11 11:21:17,108,412.959,31.336,0,-3.7
2024-01-11 11:21:17,2024-01-11 11:21:18,108,427.139,30.593,0,-3.7
2024-01-11 11:22:10,2024-01-11 11:22:11,105,408.01,25.137,0,-3.7
2024-01-11 11:22:11,2024-01-11 11:22:12,105,347.182,17.226,0,-3.7
2024-01-11 11:22:12,2024-01-11 11:22:13,105,417.664,21.06,0,-3.7
2024-01-11 11:23:04,2024-01-11 11:23:05,107,275.331,19.855,0,-3.7
2024-01-11 11:23:05,2024-01-11 11:23:06,107,260.107,19.669,0,-3.7
2024-01-11 11:23:06,2024-01-11 11:23:07,107,269.212,19.658,0,-3.7
2024-01-11 11:23:59,2024-01-11 11:24:00,145,343.581,26.019,0,-3.7
2024-01-11 11:24:00,2024-01-11 11:24:01,145,419.453,27.152,0,-3.7
2024-01-11 11:24:01,2024-01-11 11:24:02,145,337.619,23.839,0,-3.7
2024-01-11 11:24:53,2024-01-11 11:24:54,104,243.108,4.506,0,-3.7
2024-01-11 11:24:54,2024-01-11 11:24:55,104,274.722,5.931,0,-3.7
2024-01-11 11:24:55,2024-01-11 11:24:56,104,258.574,6.522,0,-3.7
2024-01-11 11:27:14,2024-01-11 11:27:15,109,375.798,25.299,0,-3.7
2024-01-11 11:27:15,2024-01-11 11:27:16,109,408.481,25.437,0,-3.7
2024-01-11 11:27:16,2024-01-11 11:27:17,109,410.153,25.486,0,-3.7
2024-01-11 11:28:07,2024-01-11 11:28:08,183,347.415,25.485,0,-3.7
2024-01-11 11:28:08,2024-01-11 11:28:09,183,406.205,25.205,0,-3.7
2024-01-11 11:28:09,2024-01-11 11:28:10,183,409.704,25.441,0,-3.7
2024-01-11 11:28:18,2024-01-11 11:28:19,183,323.204,10.472,0,-3.7
2024-01-11 11:30:16,2024-01-11 11:30:17,104,357.099,30.489,0,-3.5
2024-01-11 11:30:17,2024-01-11 11:30:18,104,388.054,30.755,0,-3.5
2024-01-11 11:30:18,2024-01-11 11:30:19,104,367.931,30.639,0,-3.5
2024-01-11 11:31:11,2024-01-11 11:31:12,111,370.815,28.901,0,-3.5
2024-01-11 11:31:12,2024-01-11 11:31:13,111,423.293,30.465,0,-3.5
2024-01-11 11:31:13,2024-01-11 11:31:14,111,425.421,31.375,0,-3.5
2024-01-11 11:32:05,2024-01-11 11:32:06,105,397.677,23.019,0,-3.5
2024-01-11 11:32:06,2024-01-11 11:32:07,105,408.247,23.122,0,-3.5
2024-01-11 11:32:07,2024-01-11 11:32:08,105,405.937,22.749,0,-3.5
2024-01-11 11:33:26,2024-01-11 11:33:27,107,329.571,16.867,0,-3.5
2024-01-11 11:33:27,2024-01-11 11:33:28,107,332.96,19.205,0,-3.5
2024-01-11 11:33:28,2024-01-11 11:33:29,107,285.316,20.412,0,-3.5
2024-01-11 11:34:19,2024-01-11 11:34:20,105,404.073,23.112,0,-3.5
2024-01-11 11:34:20,2024-01-11 11:34:21,105,336.422,25.056,0,-3.5
2024-01-11 11:34:21,2024-01-11 11:34:22,105,417.178,24.116,0,-3.5
2024-01-11 11:35:18,2024-01-11 11:35:19,104,342.567,23.782,0,-3.5
2024-01-11 11:35:19,2024-01-11 11:35:20,104,406.775,23.468,0,-3.5
2024-01-11 11:35:20,2024-01-11 11:35:21,104,381.972,23.088,0,-3.5
2024-01-11 11:36:12,2024-01-11 11:36:13,89,355.551,20.735,0,-3.5
2024-01-11 11:36:13,2024-01-11 11:36:14,89,358.685,21.153,0,-3.5
2024-01-11 11:36:14,2024-01-11 11:36:15,89,357.218,20.734,0,-3.5
2024-01-11 11:37:07,2024-01-11 11:37:08,102,268.239,32.459,0,-3.5
2024-01-11 11:37:08,2024-01-11 11:37:09,102,312.212,32.458,0,-3.5
2024-01-11 11:37:09,2024-01-11 11:37:10,102,290.051,31.891,0,-3.5
2024-01-11 11:38:01,2024-01-11 11:38:02,127,407.998,22.566,0,-3.5
2024-01-11 11:38:02,2024-01-11 11:38:03,127,382.818,22.566,0,-3.5
2024-01-11 11:38:03,2024-01-11 11:38:04,127,359.046,22.519,0,-3.5
2024-01-11 11:39:22,2024-01-11 11:39:23,101,285.836,9.105,0,-3.5
2024-01-11 11:39:23,2024-01-11 11:39:24,101,284.096,9.244,0,-3.5
2024-01-11 11:39:24,2024-01-11 11:39:25,101,298.405,9.244,0,-3.5
2024-01-11 11:40:18,2024-01-11 11:40:19,99,407.302,29.967,0,-3.45
2024-01-11 11:40:19,2024-01-11 11:40:20,99,408.567,29.98,0,-3.45
2024-01-11 11:40:20,2024-01-11 11:40:21,99,403.611,30.373,0,-3.45
2024-01-11 11:41:12,2024-01-11 11:41:13,92,427,31.363,0,-3.45
2024-01-11 11:41:13,2024-01-11 11:41:14,92,426.786,31.69,0,-3.45
2024-01-11 11:41:14,2024-01-11 11:41:15,92,350.264,31.589,0,-3.45
2024-01-11 11:42:56,2024-01-11 11:42:57,95,341.543,14.143,0,-3.45
2024-01-11 11:42:57,2024-01-11 11:42:58,95,357.18,24.442,0,-3.45
2024-01-11 11:43:09,2024-01-11 11:43:10,113,357.217,24.259,0,-3.45
2024-01-11 11:43:10,2024-01-11 11:43:11,113,323.662,22.203,0,-3.45
2024-01-11 11:43:52,2024-01-11 11:43:53,79,341.751,27.565,0,-3.45
2024-01-11 11:43:53,2024-01-11 11:43:54,79,381.868,26.611,0,-3.45
2024-01-11 11:43:54,2024-01-11 11:43:55,79,408.497,24.302,0,-3.45
2024-01-11 11:45:13,2024-01-11 11:45:14,97,284.375,23.47,0,-3.45
2024-01-11 11:45:14,2024-01-11 11:45:15,97,293.515,22.752,0,-3.45
2024-01-11 11:45:15,2024-01-11 11:45:16,97,268.42,23.168,0,-3.45
2024-01-11 11:46:07,2024-01-11 11:46:08,102,308.648,13.564,0,-3.45
2024-01-11 11:46:08,2024-01-11 11:46:09,102,330.118,13.542,0,-3.45
2024-01-11 11:46:09,2024-01-11 11:46:10,102,319.89,13.599,0,-3.45
2024-01-11 11:47:06,2024-01-11 11:47:07,108,346.564,27.709,0,-3.45
2024-01-11 11:47:07,2024-01-11 11:47:08,108,353.726,27.209,0,-3.45
2024-01-11 11:47:08,2024-01-11 11:47:09,108,340.002,26.539,0,-3.45
2024-01-11 11:49:10,2024-01-11 11:49:11,131,300.733,21.708,0,-3.45
2024-01-11 11:49:11,2024-01-11 11:49:12,131,305.428,21.674,0,-3.45
2024-01-11 11:49:12,2024-01-11 11:49:13,131,340.252,28.972,0,-3.45
2024-01-11 11:50:03,2024-01-11 11:50:04,106,407.653,36.548,0,-3.35
2024-01-11 11:50:04,2024-01-11 11:50:05,106,408.094,36.061,0,-3.35
2024-01-11 11:50:05,2024-01-11 11:50:06,106,401.685,37.185,0,-3.35
2024-01-11 11:50:14,2024-01-11 11:50:15,106,311.462,24.605,0,-3.35
2024-01-11 11:50:15,2024-01-11 11:50:16,106,306.578,26.075,0,-3.35
2024-01-11 11:51:23,2024-01-11 11:51:24,123,245.876,19.553,0,-3.35
2024-01-11 11:51:24,2024-01-11 11:51:25,123,295.537,17.782,0,-3.35
2024-01-11 11:51:25,2024-01-11 11:51:26,123,308.824,18.28,0,-3.35
2024-01-11 11:52:18,2024-01-11 11:52:19,103,302.254,11.805,0,-3.35
2024-01-11 11:52:19,2024-01-11 11:52:20,103,260.521,11.143,0,-3.35
2024-01-11 11:52:20,2024-01-11 11:52:21,103,265.265,10.901,0,-3.35
2024-01-11 11:53:10,2024-01-11 11:53:11,116,222.654,15.949,0,-3.35
2024-01-11 11:53:19,2024-01-11 11:53:20,116,285.558,33.964,0,-3.35
2024-01-11 11:53:20,2024-01-11 11:53:21,116,323.422,29.476,0,-3.35
2024-01-11 11:53:21,2024-01-11 11:53:22,116,360.468,32.43,0,-3.35
2024-01-11 11:54:07,2024-01-11 11:54:08,93,307.185,19.683,0,-3.35
2024-01-11 11:54:08,2024-01-11 11:54:09,93,317.112,19.576,0,-3.35
2024-01-11 11:54:09,2024-01-11 11:54:10,93,317.273,20.515,0,-3.35
2024-01-11 11:56:18,2024-01-11 11:56:19,105,398.919,36.026,0,-3.35
2024-01-11 11:56:19,2024-01-11 11:56:20,105,413.26,36.254,0,-3.35
2024-01-11 11:56:20,2024-01-11 11:56:21,105,425.662,35.726,0,-3.35
2024-01-11 11:57:33,2024-01-11 11:57:34,119,331.922,14.075,0,-3.35
2024-01-11 11:57:34,2024-01-11 11:57:35,119,320.397,13.669,0,-3.35
2024-01-11 11:57:35,2024-01-11 11:57:36,119,328.6,13.761,0,-3.35
2024-01-11 11:59:53,2024-01-11 11:59:54,104,348.953,14.573,0,-3.35
2024-01-11 11:59:54,2024-01-11 11:59:55,104,350.219,15.117,0,-3.35
2024-01-11 11:59:55,2024-01-11 11:59:56,104,344.653,14.99,0,-3.35
2024-01-11 12:00:05,2024-01-11 12:00:06,171,269.822,10.935,0,-3.15
2024-01-11 12:01:47,2024-01-11 12:01:48,100,388.425,25.129,0,-3.15
2024-01-11 12:01:48,2024-01-11 12:01:49,100,370.663,25.298,0,-3.15
2024-01-11 12:01:49,2024-01-11 12:01:50,100,369.283,25.23,0,-3.15
2024-01-11 12:03:03,2024-01-11 12:03:04,105,356.291,35.216,11.8366283841373,-3.15
2024-01-11 12:03:04,2024-01-11 12:03:05,105,331.358,34.892,11.8366283841373,-3.15
2024-01-11 12:03:05,2024-01-11 12:03:06,105,325.312,35.156,11.8366283841373,-3.15
2024-01-11 12:04:05,2024-01-11 12:04:06,104,335.401,12.059,11.832914116809,-3.15
2024-01-11 12:04:06,2024-01-11 12:04:07,104,341.982,13.067,11.832914116809,-3.15
2024-01-11 12:04:07,2024-01-11 12:04:08,104,341.289,12.812,11.832914116809,-3.15
2024-01-11 12:04:54,2024-01-11 12:04:55,113,217.741,13.147,0,-3.15
2024-01-11 12:04:55,2024-01-11 12:04:56,113,284.197,21.522,0,-3.15
2024-01-11 12:04:56,2024-01-11 12:04:57,113,289.738,22.509,0,-3.15
2024-01-11 12:05:07,2024-01-11 12:05:08,145,416.357,28.948,0,-3.15
2024-01-11 12:05:08,2024-01-11 12:05:09,145,407.829,28.521,0,-3.15
2024-01-11 12:05:50,2024-01-11 12:05:51,92,337.748,31.556,0,-3.15
2024-01-11 12:05:51,2024-01-11 12:05:52,92,399.442,32.249,0,-3.15
2024-01-11 12:05:52,2024-01-11 12:05:53,92,419.677,32.331,0,-3.15
2024-01-11 12:06:02,2024-01-11 12:06:03,179,353.301,32.018,0,-3.15
2024-01-11 12:06:03,2024-01-11 12:06:04,179,385.525,31.97,0,-3.15
2024-01-11 12:08:00,2024-01-11 12:08:01,163,290.488,16.599,0,-3.15
2024-01-11 12:08:01,2024-01-11 12:08:02,163,271.803,17.527,0,-3.15
2024-01-11 12:08:02,2024-01-11 12:08:03,163,273.487,17.572,0,-3.15
2024-01-11 12:09:12,2024-01-11 12:09:13,102,88.438,4.262,11.7708500198732,-3.15
2024-01-11 12:09:13,2024-01-11 12:09:14,102,95.408,4.749,11.7708500198732,-3.15
2024-01-11 12:10:12,2024-01-11 12:10:13,103,218.813,11.155,0,-3
2024-01-11 12:10:13,2024-01-11 12:10:14,103,211.43,10.495,0,-3
2024-01-11 12:10:14,2024-01-11 12:10:15,103,203.312,12.036,0,-3
2024-01-11 12:11:06,2024-01-11 12:11:07,109,270.955,13.947,0,-3
2024-01-11 12:11:07,2024-01-11 12:11:08,109,275.964,15.244,0,-3
2024-01-11 12:11:08,2024-01-11 12:11:09,109,271.322,13.678,0,-3
2024-01-11 12:12:06,2024-01-11 12:12:07,119,212.655,7.577,0,-3
2024-01-11 12:12:07,2024-01-11 12:12:08,119,278.227,9.371,0,-3
2024-01-11 12:12:08,2024-01-11 12:12:09,119,219.145,9.406,0,-3
2024-01-11 12:12:56,2024-01-11 12:12:57,87,318.792,29.096,0,-3
2024-01-11 12:12:57,2024-01-11 12:12:58,87,408.161,32.251,0,-3
2024-01-11 12:12:58,2024-01-11 12:12:59,87,394.622,35.462,0,-3
2024-01-11 12:13:55,2024-01-11 12:13:56,90,370.968,32.817,0,-3
2024-01-11 12:13:56,2024-01-11 12:13:57,90,417.025,30.328,0,-3
2024-01-11 12:13:57,2024-01-11 12:13:58,90,401.128,31.393,0,-3
2024-01-11 12:15:16,2024-01-11 12:15:17,105,200.835,7.668,0,-3
2024-01-11 12:15:17,2024-01-11 12:15:18,105,211.095,8.086,0,-3
2024-01-11 12:15:18,2024-01-11 12:15:19,105,227.185,7.472,0,-3
2024-01-11 12:16:10,2024-01-11 12:16:11,102,205.789,12.19,0,-3
2024-01-11 12:16:11,2024-01-11 12:16:12,102,330.907,20.722,0,-3
2024-01-11 12:16:12,2024-01-11 12:16:13,102,331.582,24.12,0,-3
2024-01-11 12:19:00,2024-01-11 12:19:01,179,412.99,36.339,0,-3
2024-01-11 12:19:01,2024-01-11 12:19:02,179,424.968,35.004,0,-3
2024-01-11 12:19:02,2024-01-11 12:19:03,179,427.214,34.779,0,-3
2024-01-11 12:19:55,2024-01-11 12:19:56,74,273.848,24.928,0,-3
2024-01-11 12:19:56,2024-01-11 12:19:57,74,223.556,16.447,0,-3
2024-01-11 12:19:57,2024-01-11 12:19:58,74,243.263,16.184,0,-3
2024-01-11 12:21:17,2024-01-11 12:21:18,104,406.924,31.29,0,-2.85
2024-01-11 12:21:18,2024-01-11 12:21:19,104,403.244,30.14,0,-2.85
2024-01-11 12:21:19,2024-01-11 12:21:20,104,321.495,31.232,0,-2.85
2024-01-11 12:42:38,2024-01-11 12:42:39,87,419.767,35.096,0,-2.5
2024-01-11 12:42:39,2024-01-11 12:42:40,87,407.014,34.928,0,-2.5
2024-01-11 12:42:40,2024-01-11 12:42:41,87,446.312,35.133,0,-2.5
2024-01-11 12:43:39,2024-01-11 12:43:40,78,327.666,36.224,0,-2.5
2024-01-11 12:43:40,2024-01-11 12:43:41,78,320.292,34.578,0,-2.5
2024-01-11 12:43:41,2024-01-11 12:43:42,78,317.824,33.365,0,-2.5
2024-01-11 12:46:42,2024-01-11 12:46:43,78,216.088,39.899,0,-2.5
2024-01-11 12:46:43,2024-01-11 12:46:44,78,253.214,35.604,0,-2.5
2024-01-11 12:46:44,2024-01-11 12:46:45,78,252.276,36.656,0,-2.5
2024-01-11 12:47:43,2024-01-11 12:47:44,83,406.358,31.928,0,-2.5
2024-01-11 12:47:44,2024-01-11 12:47:45,83,404.489,32.014,0,-2.5
2024-01-11 12:47:45,2024-01-11 12:47:46,83,403.758,31.35,0,-2.5
2024-01-11 12:50:51,2024-01-11 12:50:52,78,265.944,14.099,0,-2.45
2024-01-11 12:50:52,2024-01-11 12:50:53,78,243.324,14.085,0,-2.45
2024-01-11 12:50:53,2024-01-11 12:50:54,78,248.336,13.067,0,-2.45
2024-01-11 12:57:03,2024-01-11 12:57:04,98,290.318,17.248,0,-2.45
2024-01-11 12:57:04,2024-01-11 12:57:05,98,290.948,17.273,0,-2.45
2024-01-11 12:57:05,2024-01-11 12:57:06,98,321.569,17.385,0,-2.45
2024-01-11 13:03:14,2024-01-11 13:03:15,67,388.817,25.612,0,-2.35
2024-01-11 13:03:15,2024-01-11 13:03:16,67,380.891,24.987,0,-2.35
2024-01-11 13:03:16,2024-01-11 13:03:17,67,339.669,22.241,0,-2.35
2024-01-11 13:04:20,2024-01-11 13:04:21,86,199.426,11.516,0,-2.35
2024-01-11 13:04:21,2024-01-11 13:04:22,86,205.792,11.515,0,-2.35
2024-01-11 13:04:22,2024-01-11 13:04:23,86,206.172,12.175,0,-2.35
2024-01-11 13:31:52,2024-01-11 13:31:53,86,401.127,19.053,0,-1.95
2024-01-11 13:35:56,2024-01-11 13:35:57,88,388.129,28.642,0,-1.95
2024-01-11 13:36:54,2024-01-11 13:36:55,81,353.019,22.462,0,-1.95
2024-01-11 13:36:55,2024-01-11 13:36:56,81,325.11,21.65,0,-1.95
2024-01-11 13:36:56,2024-01-11 13:36:57,81,315.102,26.112,0,-1.95
2024-01-11 13:37:57,2024-01-11 13:37:58,83,344.043,24.966,0,-1.95
2024-01-11 13:37:58,2024-01-11 13:37:59,83,354.687,25.678,0,-1.95
2024-01-11 13:37:59,2024-01-11 13:38:00,83,380.589,25.546,0,-1.95
2024-01-11 13:42:06,2024-01-11 13:42:07,89,314.608,13.285,0,-1.9
2024-01-11 13:42:07,2024-01-11 13:42:08,89,312.5,22.485,0,-1.9
2024-01-11 13:46:25,2024-01-11 13:46:26,85,334.095,12.417,0,-1.9
2024-01-11 13:46:26,2024-01-11 13:46:27,85,220.069,8.7,0,-1.9
2024-01-11 13:47:24,2024-01-11 13:47:25,86,314.568,23.56,0,-1.9
2024-01-11 13:47:25,2024-01-11 13:47:26,86,362.702,24.294,0,-1.9
2024-01-11 13:47:26,2024-01-11 13:47:27,86,287.589,17.895,0,-1.9
2024-01-11 13:50:35,2024-01-11 13:50:36,87,421.303,36.491,0,-1.85
2024-01-11 13:50:36,2024-01-11 13:50:37,87,424.88,37.732,0,-1.85
2024-01-11 13:50:37,2024-01-11 13:50:38,87,426.473,36.44,0,-1.85
2024-01-11 14:20:13,2024-01-11 14:20:14,89,312.617,21.526,0,-1.75
2024-01-11 14:20:14,2024-01-11 14:20:15,89,350.243,20.271,0,-1.75
2024-01-11 14:20:15,2024-01-11 14:20:16,89,335.164,20.911,0,-1.75
2024-01-11 14:44:37,2024-01-11 14:44:38,180,358.167,32.965,0,-1.6
2024-01-11 14:44:38,2024-01-11 14:44:39,180,343.02,32.925,0,-1.6
2024-01-11 14:44:39,2024-01-11 14:44:40,180,356.793,34.402,0,-1.6
2024-01-11 14:50:47,2024-01-11 14:50:48,95,300.843,16.067,0,-1.55
2024-01-23 08:25:32,2024-01-23 08:25:33,90,328.645,9.476,0,6.1
2024-01-23 08:25:33,2024-01-23 08:25:34,90,244.895,11.561,0,6.1
2024-01-23 08:25:34,2024-01-23 08:25:35,90,309.722,15.569,0,6.1
2024-01-23 08:26:34,2024-01-23 08:26:35,99,300.072,35.041,0,6.1
2024-01-23 08:26:35,2024-01-23 08:26:36,99,342.505,35.641,0,6.1
2024-01-23 08:26:36,2024-01-23 08:26:37,99,316.357,34.078,0,6.1
2024-01-23 09:27:48,2024-01-23 09:27:49,101,332.71,20.817,0,6.4
2024-01-23 09:27:49,2024-01-23 09:27:50,101,349.612,20.942,0,6.4
2024-01-23 09:27:50,2024-01-23 09:27:51,101,349.299,20.773,0,6.4
2024-01-23 09:28:48,2024-01-23 09:28:49,175,307.092,33.389,0,6.4
2024-01-23 09:28:49,2024-01-23 09:28:50,175,348.088,34.005,0,6.4
2024-01-23 09:28:50,2024-01-23 09:28:51,175,299.053,32.623,0,6.4
2024-01-23 14:24:09,2024-01-23 14:24:10,68,441.735,27.977,0,7.2
2024-01-23 14:28:33,2024-01-23 14:28:34,87,410.523,32.993,0,7.2
2024-01-23 14:28:34,2024-01-23 14:28:35,87,405.708,33.571,0,7.2
2024-01-23 14:28:35,2024-01-23 14:28:36,87,422.285,33.071,0,7.2
2024-01-23 14:38:35,2024-01-23 14:38:36,76,421.274,19.727,30.2290994765796,7.2
2024-01-23 14:38:36,2024-01-23 14:38:37,76,323.965,34.495,30.2290994765796,7.2
2024-01-24 07:46:37,2024-01-24 07:46:38,97,246.487,12.522,0,10.8
2024-01-24 07:46:38,2024-01-24 07:46:39,97,243.345,13.439,0,10.8
2024-01-24 07:46:39,2024-01-24 07:46:40,97,266.177,11.988,0,10.8
2024-01-24 08:03:05,2024-01-24 08:03:06,91,257.184,21.638,0,10.8
2024-01-24 08:03:06,2024-01-24 08:03:07,91,261.657,20.236,0,10.8
2024-01-24 08:03:07,2024-01-24 08:03:08,91,272.039,20.539,0,10.8
2024-01-24 09:50:26,2024-01-24 09:50:27,95,236.309,14.466,0,10.25
2024-01-24 09:50:27,2024-01-24 09:50:28,95,306.637,23.006,0,10.25
2024-01-24 09:56:57,2024-01-24 09:56:58,88,260.39,23.948,0,10.25
2024-01-24 09:56:58,2024-01-24 09:56:59,88,285.096,24.825,0,10.25
2024-01-24 09:56:59,2024-01-24 09:57:00,88,292.075,26.017,0,10.25
2024-01-24 10:01:37,2024-01-24 10:01:38,97,323.1,30.609,0,10.25
2024-01-24 10:01:38,2024-01-24 10:01:39,97,400.556,29.672,0,10.25
2024-01-24 10:01:39,2024-01-24 10:01:40,97,322.272,28.953,0,10.25
2024-01-24 10:02:38,2024-01-24 10:02:39,82,374.019,29.377,0,10.25
2024-01-24 10:02:39,2024-01-24 10:02:40,82,322.075,25.924,0,10.25
2024-01-24 10:02:40,2024-01-24 10:02:41,82,393.503,29.451,0,10.25
2024-01-24 15:44:34,2024-01-24 15:44:35,80,344.552,21.915,3.31920618810286,9.5
2024-01-24 15:46:35,2024-01-24 15:46:36,71,35.749,3.348,27.8673841170075,9.5
2024-01-24 15:46:36,2024-01-24 15:46:37,71,76.489,1.819,27.8673841170075,9.5
2024-01-24 15:46:37,2024-01-24 15:46:38,71,131.421,3.221,27.8673841170075,9.5
2024-01-24 15:54:53,2024-01-24 15:54:54,86,304.196,16.054,24.3923457683435,9.45
2024-01-24 15:58:06,2024-01-24 15:58:07,95,304.194,34.345,36.6281441643901,9.45
2024-01-24 15:58:07,2024-01-24 15:58:08,95,300.992,34.08,36.6281441643901,9.45
2024-01-24 15:58:08,2024-01-24 15:58:09,95,296.643,34.198,36.6281441643901,9.45
2024-01-24 15:59:09,2024-01-24 15:59:10,99,204.423,55.636,0,9.45
2024-01-24 15:59:10,2024-01-24 15:59:11,99,203.983,55.267,0,9.45
2024-01-24 15:59:11,2024-01-24 15:59:12,99,130.486,37.648,0,9.45
2024-01-24 16:18:34,2024-01-24 16:18:35,95,83.19,20.132,30.6917988800021,9.25
2024-01-24 16:18:35,2024-01-24 16:18:36,95,112.598,15.16,30.6917988800021,9.25
2024-01-24 16:18:36,2024-01-24 16:18:37,95,58.41,14.634,30.6917988800021,9.25
2024-01-24 16:30:42,2024-01-24 16:30:43,80,421.335,27.013,0,9.2
2024-01-24 16:30:43,2024-01-24 16:30:44,80,422.7,26.612,0,9.2
2024-01-24 16:30:44,2024-01-24 16:30:45,80,418.366,26.365,0,9.2
2024-01-24 16:32:47,2024-01-24 16:32:48,64,237.458,10.007,0,9.2
2024-01-24 16:32:48,2024-01-24 16:32:49,64,204.841,17.262,0,9.2
2024-01-24 16:52:23,2024-01-24 16:52:24,161,302.021,22.925,0,9.15
2024-01-24 16:52:24,2024-01-24 16:52:25,161,371.244,22.972,0,9.15
2024-01-24 16:52:25,2024-01-24 16:52:26,161,375.23,23.306,0,9.15
2024-01-24 17:11:10,2024-01-24 17:11:11,72,282.244,18.534,0,9.05
2024-01-24 17:11:11,2024-01-24 17:11:12,72,272.493,21.685,0,9.05
2024-01-24 17:11:12,2024-01-24 17:11:13,72,343.095,22.647,0,9.05
2024-01-24 17:16:35,2024-01-24 17:16:36,83,203.637,20.851,23.5077753696044,9.05
2024-01-24 17:16:36,2024-01-24 17:16:37,83,218.553,19.401,23.5077753696044,9.05
2024-01-24 17:16:37,2024-01-24 17:16:38,83,195.831,17.783,23.5077753696044,9.05
2024-01-24 17:23:27,2024-01-24 17:23:28,93,193.833,9.695,20.1666618553789,9.05
2024-01-24 17:37:20,2024-01-24 17:37:21,79,24.512,6.511,0,9
2024-01-24 17:37:21,2024-01-24 17:37:22,79,94.334,7.251,0,9
2024-01-24 17:37:22,2024-01-24 17:37:23,79,202.824,7.495,0,9
2024-01-24 18:09:50,2024-01-24 18:09:51,90,131.667,12.185,0,8.85
2024-01-24 18:09:51,2024-01-24 18:09:52,90,187.635,18.082,0,8.85
2024-01-24 18:12:05,2024-01-24 18:12:06,66,308.607,11.94,0,8.8
2024-01-24 18:12:06,2024-01-24 18:12:07,66,338.763,13.671,0,8.8
2024-01-24 18:12:07,2024-01-24 18:12:08,66,313.09,13.495,0,8.8
2024-01-24 18:13:09,2024-01-24 18:13:10,93,304.373,24.152,0,8.8
2024-01-24 18:13:10,2024-01-24 18:13:11,93,382.333,23.805,0,8.8
2024-01-24 18:13:11,2024-01-24 18:13:12,93,330.935,20.476,0,8.8
2024-01-25 05:04:49,2024-01-25 05:04:50,138,355.196,34.313,0,5.65
2024-01-25 05:04:50,2024-01-25 05:04:51,138,356.949,34.221,0,5.65
2024-01-25 05:04:51,2024-01-25 05:04:52,138,355.295,34.194,0,5.65
2024-01-25 05:25:14,2024-01-25 05:25:15,70,366.907,19.818,0,5.45
2024-01-25 07:16:08,2024-01-25 07:16:09,96,183.2,10.865,53.5781621857628,4.7
2024-01-25 07:17:07,2024-01-25 07:17:08,94,162.657,17.782,44.1522998624682,4.7
2024-01-25 07:17:08,2024-01-25 07:17:09,94,254.441,18.708,44.1522998624682,4.7
2024-01-25 07:17:09,2024-01-25 07:17:10,94,271.192,22.137,44.1522998624682,4.7
2024-01-25 07:29:22,2024-01-25 07:29:23,99,317.448,24.255,0,4.55
2024-01-25 07:29:23,2024-01-25 07:29:24,99,337.976,29.282,0,4.55
2024-01-25 07:29:24,2024-01-25 07:29:25,99,337.186,29.426,0,4.55
2024-01-25 10:11:41,2024-01-25 10:11:42,79,270.187,12.65,0,5.9
2024-01-25 10:11:42,2024-01-25 10:11:43,79,337.572,20.573,0,5.9
2024-01-25 10:11:43,2024-01-25 10:11:44,79,339.612,20.225,0,5.9
2024-01-25 10:16:20,2024-01-25 10:16:21,80,352.914,16.762,0,5.9
2024-01-25 10:59:16,2024-01-25 10:59:17,95,227.255,4.911,34.4022936640394,6.2
2024-01-25 10:59:17,2024-01-25 10:59:18,95,314.493,7.332,34.4022936640394,6.2
2024-01-25 11:00:23,2024-01-25 11:00:24,48,313.681,33.084,0,6.3
2024-01-25 11:00:24,2024-01-25 11:00:25,48,310.657,32.599,0,6.3
2024-01-25 11:00:25,2024-01-25 11:00:26,48,317.116,31.134,0,6.3
2024-01-25 11:01:23,2024-01-25 11:01:24,162,294.373,11.747,0,6.3
2024-01-25 11:01:24,2024-01-25 11:01:25,162,214.411,11.001,0,6.3
2024-01-25 11:01:25,2024-01-25 11:01:26,162,61.663,8.725,0,6.3
2024-01-25 11:04:36,2024-01-25 11:04:37,101,216.043,13.519,0,6.3
2024-01-25 11:04:37,2024-01-25 11:04:38,101,241.166,11.966,0,6.3
2024-01-25 11:04:38,2024-01-25 11:04:39,101,308.638,12.442,0,6.3
2024-01-25 11:05:45,2024-01-25 11:05:46,191,232.991,7.355,0,6.3
2024-01-25 11:05:46,2024-01-25 11:05:47,191,176.274,7.623,0,6.3
2024-01-25 11:05:47,2024-01-25 11:05:48,191,209.658,7.275,0,6.3
